#group,false,false,true,true,false,false,true,true,true,true,true,true
#datatype,string,long,dateTime:RFC3339,dateTime:RFC3339,dateTime:RFC3339,double,string,string,string,string,string,string
#default,_result,,,,,,,,,,,
,result,table,_start,_stop,_time,_value,_field,_measurement,event,msg,target,venue
,,0,2026-05-28T11:04:42.571134459Z,2026-05-28T11:19:42.571134459Z,2026-05-28T11:19:36.714368004Z,4574,count,latency,handler,l2,market_state,delta
,,1,2026-05-28T11:04:42.571134459Z,2026-05-28T11:19:42.571134459Z,2026-05-28T11:19:36.714368004Z,576,p50,latency,handler,l2,market_state,delta
,,2,2026-05-28T11:04:42.571134459Z,2026-05-28T11:19:42.571134459Z,2026-05-28T11:19:36.714368004Z,800,p90,latency,handler,l2,market_state,delta
,,3,2026-05-28T11:04:42.571134459Z,2026-05-28T11:19:42.571134459Z,2026-05-28T11:19:36.714368004Z,960,p99,latency,handler,l2,market_state,delta
,,4,2026-05-28T11:04:42.571134459Z,2026-05-28T11:19:42.571134459Z,2026-05-28T11:19:36.714368004Z,669,count,latency,handler,mark,market_state,delta
,,5,2026-05-28T11:04:42.571134459Z,2026-05-28T11:19:42.571134459Z,2026-05-28T11:19:36.714368004Z,160,p50,latency,handler,mark,market_state,delta
,,6,2026-05-28T11:04:42.571134459Z,2026-05-28T11:19:42.571134459Z,2026-05-28T11:19:36.714368004Z,288,p90,latency,handler,mark,market_state,delta
,,7,2026-05-28T11:04:42.571134459Z,2026-05-28T11:19:42.571134459Z,2026-05-28T11:19:36.714368004Z,400,p99,latency,handler,mark,market_state,delta
,,8,2026-05-28T11:04:42.571134459Z,2026-05-28T11:19:42.571134459Z,2026-05-28T11:19:36.714368004Z,4046,count,latency,handler,spot,market_state,delta
,,9,2026-05-28T11:04:42.571134459Z,2026-05-28T11:19:42.571134459Z,2026-05-28T11:19:36.714368004Z,160,p50,latency,handler,spot,market_state,delta
,,10,2026-05-28T11:04:42.571134459Z,2026-05-28T11:19:42.571134459Z,2026-05-28T11:19:36.714368004Z,192,p90,latency,handler,spot,market_state,delta
,,11,2026-05-28T11:04:42.571134459Z,2026-05-28T11:19:42.571134459Z,2026-05-28T11:19:36.714368004Z,232,p99,latency,handler,spot,market_state,delta
,,12,2026-05-28T11:04:42.571134459Z,2026-05-28T11:19:42.571134459Z,2026-05-28T11:19:36.714368004Z,2826,count,latency,handler,trade,market_state,delta
,,13,2026-05-28T11:04:42.571134459Z,2026-05-28T11:19:42.571134459Z,2026-05-28T11:19:36.714368004Z,152,p50,latency,handler,trade,market_state,delta
,,14,2026-05-28T11:04:42.571134459Z,2026-05-28T11:19:42.571134459Z,2026-05-28T11:19:36.714368004Z,184,p90,latency,handler,trade,market_state,delta
,,15,2026-05-28T11:04:42.571134459Z,2026-05-28T11:19:42.571134459Z,2026-05-28T11:19:36.714368004Z,304,p99,latency,handler,trade,market_state,delta

#group,false,false,true,true,false,false,true,true,true,true,true
#datatype,string,long,dateTime:RFC3339,dateTime:RFC3339,dateTime:RFC3339,double,string,string,string,string,string
#default,_result,,,,,,,,,,
,result,table,_start,_stop,_time,_value,_field,_measurement,event,msg,venue
,,16,2026-05-28T11:04:42.571134459Z,2026-05-28T11:19:42.571134459Z,2026-05-28T11:19:36.714368004Z,4575,count,latency,json_parse,l2,delta
,,17,2026-05-28T11:04:42.571134459Z,2026-05-28T11:19:42.571134459Z,2026-05-28T11:19:36.714368004Z,2688,p50,latency,json_parse,l2,delta
,,18,2026-05-28T11:04:42.571134459Z,2026-05-28T11:19:42.571134459Z,2026-05-28T11:19:36.714368004Z,4352,p90,latency,json_parse,l2,delta
,,19,2026-05-28T11:04:42.571134459Z,2026-05-28T11:19:42.571134459Z,2026-05-28T11:19:36.714368004Z,6144,p99,latency,json_parse,l2,delta
,,20,2026-05-28T11:04:42.571134459Z,2026-05-28T11:19:42.571134459Z,2026-05-28T11:19:36.714368004Z,670,count,latency,json_parse,mark,delta
,,21,2026-05-28T11:04:42.571134459Z,2026-05-28T11:19:42.571134459Z,2026-05-28T11:19:36.714368004Z,928,p50,latency,json_parse,mark,delta
,,22,2026-05-28T11:04:42.571134459Z,2026-05-28T11:19:42.571134459Z,2026-05-28T11:19:36.714368004Z,1216,p90,latency,json_parse,mark,delta
,,23,2026-05-28T11:04:42.571134459Z,2026-05-28T11:19:42.571134459Z,2026-05-28T11:19:36.714368004Z,1472,p99,latency,json_parse,mark,delta
,,24,2026-05-28T11:04:42.571134459Z,2026-05-28T11:19:42.571134459Z,2026-05-28T11:19:36.714368004Z,4047,count,latency,json_parse,spot,delta
,,25,2026-05-28T11:04:42.571134459Z,2026-05-28T11:19:42.571134459Z,2026-05-28T11:19:36.714368004Z,496,p50,latency,json_parse,spot,delta
,,26,2026-05-28T11:04:42.571134459Z,2026-05-28T11:19:42.571134459Z,2026-05-28T11:19:36.714368004Z,672,p90,latency,json_parse,spot,delta
,,27,2026-05-28T11:04:42.571134459Z,2026-05-28T11:19:42.571134459Z,2026-05-28T11:19:36.714368004Z,896,p99,latency,json_parse,spot,delta
,,28,2026-05-28T11:04:42.571134459Z,2026-05-28T11:19:42.571134459Z,2026-05-28T11:19:36.714368004Z,2827,count,latency,json_parse,trade,delta
,,29,2026-05-28T11:04:42.571134459Z,2026-05-28T11:19:42.571134459Z,2026-05-28T11:19:36.714368004Z,800,p50,latency,json_parse,trade,delta
,,30,2026-05-28T11:04:42.571134459Z,2026-05-28T11:19:42.571134459Z,2026-05-28T11:19:36.714368004Z,1280,p90,latency,json_parse,trade,delta
,,31,2026-05-28T11:04:42.571134459Z,2026-05-28T11:19:42.571134459Z,2026-05-28T11:19:36.714368004Z,1600,p99,latency,json_parse,trade,delta

#group,false,false,true,true,false,false,true,true,true,true,true
#datatype,string,long,dateTime:RFC3339,dateTime:RFC3339,dateTime:RFC3339,double,string,string,string,string,string
#default,_result,,,,,,,,,,
,result,table,_start,_stop,_time,_value,_field,_measurement,event,target,venue
,,32,2026-05-28T11:04:42.571134459Z,2026-05-28T11:19:42.571134459Z,2026-05-28T11:19:36.669343963Z,208,count,latency,queue_time,execution_manager,delta
,,33,2026-05-28T11:04:42.571134459Z,2026-05-28T11:19:42.571134459Z,2026-05-28T11:19:36.669343963Z,544,p50,latency,queue_time,execution_manager,delta
,,34,2026-05-28T11:04:42.571134459Z,2026-05-28T11:19:42.571134459Z,2026-05-28T11:19:36.669343963Z,1216,p90,latency,queue_time,execution_manager,delta
,,35,2026-05-28T11:04:42.571134459Z,2026-05-28T11:19:42.571134459Z,2026-05-28T11:19:36.669343963Z,1728,p99,latency,queue_time,execution_manager,delta
,,36,2026-05-28T11:04:42.571134459Z,2026-05-28T11:19:42.571134459Z,2026-05-28T11:19:36.714368004Z,12115,count,latency,queue_time,market_state,delta
,,37,2026-05-28T11:04:42.571134459Z,2026-05-28T11:19:42.571134459Z,2026-05-28T11:19:36.714368004Z,168,p50,latency,queue_time,market_state,delta
,,38,2026-05-28T11:04:42.571134459Z,2026-05-28T11:19:42.571134459Z,2026-05-28T11:19:36.714368004Z,224,p90,latency,queue_time,market_state,delta
,,39,2026-05-28T11:04:42.571134459Z,2026-05-28T11:19:42.571134459Z,2026-05-28T11:19:36.714368004Z,248,p99,latency,queue_time,market_state,delta
,,40,2026-05-28T11:04:42.571134459Z,2026-05-28T11:19:42.571134459Z,2026-05-28T11:19:36.703346225Z,4574,count,latency,queue_time,strategy,delta
,,41,2026-05-28T11:04:42.571134459Z,2026-05-28T11:19:42.571134459Z,2026-05-28T11:19:36.703346225Z,736,p50,latency,queue_time,strategy,delta
,,42,2026-05-28T11:04:42.571134459Z,2026-05-28T11:19:42.571134459Z,2026-05-28T11:19:36.703346225Z,928,p90,latency,queue_time,strategy,delta
,,43,2026-05-28T11:04:42.571134459Z,2026-05-28T11:19:42.571134459Z,2026-05-28T11:19:36.703346225Z,1088,p99,latency,queue_time,strategy,delta

#group,false,false,true,true,false,false,true,true,true,true,true
#datatype,string,long,dateTime:RFC3339,dateTime:RFC3339,dateTime:RFC3339,double,string,string,string,string,string
#default,_result,,,,,,,,,,
,result,table,_start,_stop,_time,_value,_field,_measurement,event,msg,venue
,,44,2026-05-28T11:04:42.571134459Z,2026-05-28T11:19:42.571134459Z,2026-05-28T11:19:36.714368004Z,4574,count,latency,ring_push,l2,delta
,,45,2026-05-28T11:04:42.571134459Z,2026-05-28T11:19:42.571134459Z,2026-05-28T11:19:36.714368004Z,88,p50,latency,ring_push,l2,delta
,,46,2026-05-28T11:04:42.571134459Z,2026-05-28T11:19:42.571134459Z,2026-05-28T11:19:36.714368004Z,152,p90,latency,ring_push,l2,delta
,,47,2026-05-28T11:04:42.571134459Z,2026-05-28T11:19:42.571134459Z,2026-05-28T11:19:36.714368004Z,176,p99,latency,ring_push,l2,delta
,,48,2026-05-28T11:04:42.571134459Z,2026-05-28T11:19:42.571134459Z,2026-05-28T11:19:36.714368004Z,669,count,latency,ring_push,mark,delta
,,49,2026-05-28T11:04:42.571134459Z,2026-05-28T11:19:42.571134459Z,2026-05-28T11:19:36.714368004Z,84,p50,latency,ring_push,mark,delta
,,50,2026-05-28T11:04:42.571134459Z,2026-05-28T11:19:42.571134459Z,2026-05-28T11:19:36.714368004Z,152,p90,latency,ring_push,mark,delta
,,51,2026-05-28T11:04:42.571134459Z,2026-05-28T11:19:42.571134459Z,2026-05-28T11:19:36.714368004Z,216,p99,latency,ring_push,mark,delta
,,52,2026-05-28T11:04:42.571134459Z,2026-05-28T11:19:42.571134459Z,2026-05-28T11:19:36.714368004Z,4046,count,latency,ring_push,spot,delta
,,53,2026-05-28T11:04:42.571134459Z,2026-05-28T11:19:42.571134459Z,2026-05-28T11:19:36.714368004Z,84,p50,latency,ring_push,spot,delta
,,54,2026-05-28T11:04:42.571134459Z,2026-05-28T11:19:42.571134459Z,2026-05-28T11:19:36.714368004Z,152,p90,latency,ring_push,spot,delta
,,55,2026-05-28T11:04:42.571134459Z,2026-05-28T11:19:42.571134459Z,2026-05-28T11:19:36.714368004Z,176,p99,latency,ring_push,spot,delta
,,56,2026-05-28T11:04:42.571134459Z,2026-05-28T11:19:42.571134459Z,2026-05-28T11:19:36.714368004Z,2826,count,latency,ring_push,trade,delta
,,57,2026-05-28T11:04:42.571134459Z,2026-05-28T11:19:42.571134459Z,2026-05-28T11:19:36.714368004Z,84,p50,latency,ring_push,trade,delta
,,58,2026-05-28T11:04:42.571134459Z,2026-05-28T11:19:42.571134459Z,2026-05-28T11:19:36.714368004Z,92,p90,latency,ring_push,trade,delta
,,59,2026-05-28T11:04:42.571134459Z,2026-05-28T11:19:42.571134459Z,2026-05-28T11:19:36.714368004Z,152,p99,latency,ring_push,trade,delta

#group,false,false,true,true,false,false,true,true,true,true,true
#datatype,string,long,dateTime:RFC3339,dateTime:RFC3339,dateTime:RFC3339,double,string,string,string,string,string
#default,_result,,,,,,,,,,
,result,table,_start,_stop,_time,_value,_field,_measurement,event,target,venue
,,60,2026-05-28T11:04:42.571134459Z,2026-05-28T11:19:42.571134459Z,2026-05-28T11:19:36.714368004Z,12115,count,latency,ring_push,market_state,delta
,,61,2026-05-28T11:04:42.571134459Z,2026-05-28T11:19:42.571134459Z,2026-05-28T11:19:36.714368004Z,80,p50,latency,ring_push,market_state,delta
,,62,2026-05-28T11:04:42.571134459Z,2026-05-28T11:19:42.571134459Z,2026-05-28T11:19:36.714368004Z,84,p90,latency,ring_push,market_state,delta
,,63,2026-05-28T11:04:42.571134459Z,2026-05-28T11:19:42.571134459Z,2026-05-28T11:19:36.714368004Z,96,p99,latency,ring_push,market_state,delta

#group,false,false,true,true,false,false,true,true,true,true,true
#datatype,string,long,dateTime:RFC3339,dateTime:RFC3339,dateTime:RFC3339,double,string,string,string,string,string
#default,_result,,,,,,,,,,
,result,table,_start,_stop,_time,_value,_field,_measurement,event,msg,venue
,,64,2026-05-28T11:04:42.571134459Z,2026-05-28T11:19:42.571134459Z,2026-05-28T11:19:36.714368004Z,4575,count,latency,ring_wait,l2,delta
,,65,2026-05-28T11:04:42.571134459Z,2026-05-28T11:19:42.571134459Z,2026-05-28T11:19:36.714368004Z,68,p50,latency,ring_wait,l2,delta
,,66,2026-05-28T11:04:42.571134459Z,2026-05-28T11:19:42.571134459Z,2026-05-28T11:19:36.714368004Z,72,p90,latency,ring_wait,l2,delta
,,67,2026-05-28T11:04:42.571134459Z,2026-05-28T11:19:42.571134459Z,2026-05-28T11:19:36.714368004Z,80,p99,latency,ring_wait,l2,delta
,,68,2026-05-28T11:04:42.571134459Z,2026-05-28T11:19:42.571134459Z,2026-05-28T11:19:36.714368004Z,670,count,latency,ring_wait,mark,delta
,,69,2026-05-28T11:04:42.571134459Z,2026-05-28T11:19:42.571134459Z,2026-05-28T11:19:36.714368004Z,68,p50,latency,ring_wait,mark,delta
,,70,2026-05-28T11:04:42.571134459Z,2026-05-28T11:19:42.571134459Z,2026-05-28T11:19:36.714368004Z,72,p90,latency,ring_wait,mark,delta
,,71,2026-05-28T11:04:42.571134459Z,2026-05-28T11:19:42.571134459Z,2026-05-28T11:19:36.714368004Z,80,p99,latency,ring_wait,mark,delta
,,72,2026-05-28T11:04:42.571134459Z,2026-05-28T11:19:42.571134459Z,2026-05-28T11:19:36.714368004Z,4047,count,latency,ring_wait,spot,delta
,,73,2026-05-28T11:04:42.571134459Z,2026-05-28T11:19:42.571134459Z,2026-05-28T11:19:36.714368004Z,68,p50,latency,ring_wait,spot,delta
,,74,2026-05-28T11:04:42.571134459Z,2026-05-28T11:19:42.571134459Z,2026-05-28T11:19:36.714368004Z,72,p90,latency,ring_wait,spot,delta
,,75,2026-05-28T11:04:42.571134459Z,2026-05-28T11:19:42.571134459Z,2026-05-28T11:19:36.714368004Z,76,p99,latency,ring_wait,spot,delta
,,76,2026-05-28T11:04:42.571134459Z,2026-05-28T11:19:42.571134459Z,2026-05-28T11:19:36.714368004Z,2827,count,latency,ring_wait,trade,delta
,,77,2026-05-28T11:04:42.571134459Z,2026-05-28T11:19:42.571134459Z,2026-05-28T11:19:36.714368004Z,72,p50,latency,ring_wait,trade,delta
,,78,2026-05-28T11:04:42.571134459Z,2026-05-28T11:19:42.571134459Z,2026-05-28T11:19:36.714368004Z,124,p90,latency,ring_wait,trade,delta
,,79,2026-05-28T11:04:42.571134459Z,2026-05-28T11:19:42.571134459Z,2026-05-28T11:19:36.714368004Z,168,p99,latency,ring_wait,trade,delta

#group,false,false,true,true,false,false,true,true,true,true,true
#datatype,string,long,dateTime:RFC3339,dateTime:RFC3339,dateTime:RFC3339,double,string,string,string,string,string
#default,_result,,,,,,,,,,
,result,table,_start,_stop,_time,_value,_field,_measurement,event,target,venue
,,80,2026-05-28T11:04:42.571134459Z,2026-05-28T11:19:42.571134459Z,2026-05-28T11:19:36.714368004Z,12115,count,latency,ring_wait,market_state,delta
,,81,2026-05-28T11:04:42.571134459Z,2026-05-28T11:19:42.571134459Z,2026-05-28T11:19:36.714368004Z,84,p50,latency,ring_wait,market_state,delta
,,82,2026-05-28T11:04:42.571134459Z,2026-05-28T11:19:42.571134459Z,2026-05-28T11:19:36.714368004Z,136,p90,latency,ring_wait,market_state,delta
,,83,2026-05-28T11:04:42.571134459Z,2026-05-28T11:19:42.571134459Z,2026-05-28T11:19:36.714368004Z,168,p99,latency,ring_wait,market_state,delta

#group,false,false,true,true,false,false,true,true,true,true,true,true
#datatype,string,long,dateTime:RFC3339,dateTime:RFC3339,dateTime:RFC3339,double,string,string,string,string,string,string
#default,_result,,,,,,,,,,,
,result,table,_start,_stop,_time,_value,_field,_measurement,event,msg,target,venue
,,84,2026-05-28T11:04:42.571134459Z,2026-05-28T11:19:42.571134459Z,2026-05-28T11:19:36.714368004Z,4574,count,latency,shm_write,l2,market_state,delta
,,85,2026-05-28T11:04:42.571134459Z,2026-05-28T11:19:42.571134459Z,2026-05-28T11:19:36.714368004Z,176,p50,latency,shm_write,l2,market_state,delta
,,86,2026-05-28T11:04:42.571134459Z,2026-05-28T11:19:42.571134459Z,2026-05-28T11:19:36.714368004Z,304,p90,latency,shm_write,l2,market_state,delta
,,87,2026-05-28T11:04:42.571134459Z,2026-05-28T11:19:42.571134459Z,2026-05-28T11:19:36.714368004Z,416,p99,latency,shm_write,l2,market_state,delta
,,88,2026-05-28T11:04:42.571134459Z,2026-05-28T11:19:42.571134459Z,2026-05-28T11:19:36.714368004Z,669,count,latency,shm_write,mark,market_state,delta
,,89,2026-05-28T11:04:42.571134459Z,2026-05-28T11:19:42.571134459Z,2026-05-28T11:19:36.714368004Z,42,p50,latency,shm_write,mark,market_state,delta
,,90,2026-05-28T11:04:42.571134459Z,2026-05-28T11:19:42.571134459Z,2026-05-28T11:19:36.714368004Z,44,p90,latency,shm_write,mark,market_state,delta
,,91,2026-05-28T11:04:42.571134459Z,2026-05-28T11:19:42.571134459Z,2026-05-28T11:19:36.714368004Z,152,p99,latency,shm_write,mark,market_state,delta
,,92,2026-05-28T11:04:42.571134459Z,2026-05-28T11:19:42.571134459Z,2026-05-28T11:19:36.714368004Z,4046,count,latency,shm_write,spot,market_state,delta
,,93,2026-05-28T11:04:42.571134459Z,2026-05-28T11:19:42.571134459Z,2026-05-28T11:19:36.714368004Z,44,p50,latency,shm_write,spot,market_state,delta
,,94,2026-05-28T11:04:42.571134459Z,2026-05-28T11:19:42.571134459Z,2026-05-28T11:19:36.714368004Z,44,p90,latency,shm_write,spot,market_state,delta
,,95,2026-05-28T11:04:42.571134459Z,2026-05-28T11:19:42.571134459Z,2026-05-28T11:19:36.714368004Z,46,p99,latency,shm_write,spot,market_state,delta
,,96,2026-05-28T11:04:42.571134459Z,2026-05-28T11:19:42.571134459Z,2026-05-28T11:19:36.714368004Z,2826,count,latency,shm_write,trade,market_state,delta
,,97,2026-05-28T11:04:42.571134459Z,2026-05-28T11:19:42.571134459Z,2026-05-28T11:19:36.714368004Z,32,p50,latency,shm_write,trade,market_state,delta
,,98,2026-05-28T11:04:42.571134459Z,2026-05-28T11:19:42.571134459Z,2026-05-28T11:19:36.714368004Z,36,p90,latency,shm_write,trade,market_state,delta
,,99,2026-05-28T11:04:42.571134459Z,2026-05-28T11:19:42.571134459Z,2026-05-28T11:19:36.714368004Z,40,p99,latency,shm_write,trade,market_state,delta

#group,false,false,true,true,false,false,true,true,true,true
#datatype,string,long,dateTime:RFC3339,dateTime:RFC3339,dateTime:RFC3339,double,string,string,string,string
#default,_result,,,,,,,,,
,result,table,_start,_stop,_time,_value,_field,_measurement,event,venue
,,100,2026-05-28T11:04:42.571134459Z,2026-05-28T11:19:42.571134459Z,2026-05-28T11:19:36.669343963Z,208,count,latency,tick_to_trade,delta
,,101,2026-05-28T11:04:42.571134459Z,2026-05-28T11:19:42.571134459Z,2026-05-28T11:19:36.669343963Z,6144,p50,latency,tick_to_trade,delta
,,102,2026-05-28T11:04:42.571134459Z,2026-05-28T11:19:42.571134459Z,2026-05-28T11:19:36.669343963Z,8192,p90,latency,tick_to_trade,delta
,,103,2026-05-28T11:04:42.571134459Z,2026-05-28T11:19:42.571134459Z,2026-05-28T11:19:36.669343963Z,10240,p99,latency,tick_to_trade,delta
,,104,2026-05-28T11:04:42.571134459Z,2026-05-28T11:19:42.571134459Z,2026-05-28T11:19:36.669343963Z,208,count,latency,wire_out,delta
,,105,2026-05-28T11:04:42.571134459Z,2026-05-28T11:19:42.571134459Z,2026-05-28T11:19:36.669343963Z,32,p50,latency,wire_out,delta
,,106,2026-05-28T11:04:42.571134459Z,2026-05-28T11:19:42.571134459Z,2026-05-28T11:19:36.669343963Z,48,p90,latency,wire_out,delta
,,107,2026-05-28T11:04:42.571134459Z,2026-05-28T11:19:42.571134459Z,2026-05-28T11:19:36.669343963Z,64,p99,latency,wire_out,delta
,,108,2026-05-28T11:04:42.571134459Z,2026-05-28T11:19:42.571134459Z,2026-05-28T11:19:36.714368004Z,12519,count,latency,ws_frame,delta
,,109,2026-05-28T11:04:42.571134459Z,2026-05-28T11:19:42.571134459Z,2026-05-28T11:19:36.714368004Z,1344,p50,latency,ws_frame,delta
,,110,2026-05-28T11:04:42.571134459Z,2026-05-28T11:19:42.571134459Z,2026-05-28T11:19:36.714368004Z,3968,p90,latency,ws_frame,delta
,,111,2026-05-28T11:04:42.571134459Z,2026-05-28T11:19:42.571134459Z,2026-05-28T11:19:36.714368004Z,5632,p99,latency,ws_frame,delta
,,112,2026-05-28T11:04:42.571134459Z,2026-05-28T11:19:42.571134459Z,2026-05-28T11:19:36.714368004Z,25044,count,latency,ws_read,delta
,,113,2026-05-28T11:04:42.571134459Z,2026-05-28T11:19:42.571134459Z,2026-05-28T11:19:36.714368004Z,2688,p50,latency,ws_read,delta
,,114,2026-05-28T11:04:42.571134459Z,2026-05-28T11:19:42.571134459Z,2026-05-28T11:19:36.714368004Z,5632,p90,latency,ws_read,delta
,,115,2026-05-28T11:04:42.571134459Z,2026-05-28T11:19:42.571134459Z,2026-05-28T11:19:36.714368004Z,8704,p99,latency,ws_read,delta

